customer_id,session_id,timestamp,product_name,page,action,result,error_code,service_called,session_url
C1001,S0001,2026-09-03 09:15:00,Bank Account Management,Bank Account,Open bank account management,SUCCESS,,Bank Account API,https://demo.productpulse.local/session/S0001
C1001,S0001,2026-09-03 09:16:00,Bank Account Management,Add Account,Enter account details,SUCCESS,,Bank Account API,https://demo.productpulse.local/session/S0001
C1001,S0001,2026-09-03 09:17:00,Bank Account Management,Verification,Submit for verification,FAILED,BANK_VERIFY_TIMEOUT,Bank Verification API,https://demo.productpulse.local/session/S0001
C1001,S0001,2026-09-03 09:18:00,Bank Account Management,Verification,Retry verification,FAILED,BANK_VERIFY_TIMEOUT,Bank Verification API,https://demo.productpulse.local/session/S0001
C1001,S0001,2026-09-03 09:19:00,Bank Account Management,Exit,Leave flow,ABANDONED,,,https://demo.productpulse.local/session/S0001
C1002,S0002,2026-09-03 09:23:00,Bank Account Management,Bank Account,Open bank account management,SUCCESS,,Bank Account API,https://demo.productpulse.local/session/S0002
C1002,S0002,2026-09-03 09:24:00,Bank Account Management,Add Account,Enter account details,SUCCESS,,Bank Account API,https://demo.productpulse.local/session/S0002
C1002,S0002,2026-09-03 09:25:00,Bank Account Management,Verification,Submit for verification,FAILED,BANK_VERIFY_TIMEOUT,Bank Verification API,https://demo.productpulse.local/session/S0002
C1002,S0002,2026-09-03 09:26:00,Bank Account Management,Verification,Retry verification,FAILED,BANK_VERIFY_TIMEOUT,Bank Verification API,https://demo.productpulse.local/session/S0002
C1002,S0002,2026-09-03 09:27:00,Bank Account Management,Exit,Leave flow,ABANDONED,,,https://demo.productpulse.local/session/S0002
C1003,S0003,2026-09-03 09:31:00,Bank Account Management,Bank Account,Open bank account management,SUCCESS,,Bank Account API,https://demo.productpulse.local/session/S0003
C1003,S0003,2026-09-03 09:32:00,Bank Account Management,Add Account,Enter account details,SUCCESS,,Bank Account API,https://demo.productpulse.local/session/S0003
C1003,S0003,2026-09-03 09:33:00,Bank Account Management,Verification,Submit for verification,FAILED,BANK_VERIFY_TIMEOUT,Bank Verification API,https://demo.productpulse.local/session/S0003
C1003,S0003,2026-09-03 09:34:00,Bank Account Management,Verification,Retry verification,FAILED,BANK_VERIFY_TIMEOUT,Bank Verification API,https://demo.productpulse.local/session/S0003
C1003,S0003,2026-09-03 09:35:00,Bank Account Management,Exit,Leave flow,ABANDONED,,,https://demo.productpulse.local/session/S0003
C1004,S0004,2026-09-03 09:39:00,Bank Account Management,Bank Account,Open bank account management,SUCCESS,,Bank Account API,https://demo.productpulse.local/session/S0004
C1004,S0004,2026-09-03 09:40:00,Bank Account Management,Add Account,Enter account details,SUCCESS,,Bank Account API,https://demo.productpulse.local/session/S0004
C1004,S0004,2026-09-03 09:41:00,Bank Account Management,Verification,Submit for verification,FAILED,BANK_VERIFY_TIMEOUT,Bank Verification API,https://demo.productpulse.local/session/S0004
C1004,S0004,2026-09-03 09:42:00,Bank Account Management,Verification,Retry verification,FAILED,BANK_VERIFY_TIMEOUT,Bank Verification API,https://demo.productpulse.local/session/S0004
C1004,S0004,2026-09-03 09:43:00,Bank Account Management,Exit,Leave flow,ABANDONED,,,https://demo.productpulse.local/session/S0004
C1005,S0005,2026-09-03 09:47:00,Bank Account Management,Bank Account,Open bank account management,SUCCESS,,Bank Account API,https://demo.productpulse.local/session/S0005
C1005,S0005,2026-09-03 09:48:00,Bank Account Management,Add Account,Enter account details,SUCCESS,,Bank Account API,https://demo.productpulse.local/session/S0005
C1005,S0005,2026-09-03 09:49:00,Bank Account Management,Verification,Submit for verification,FAILED,BANK_VERIFY_TIMEOUT,Bank Verification API,https://demo.productpulse.local/session/S0005
C1005,S0005,2026-09-03 09:50:00,Bank Account Management,Verification,Retry verification,FAILED,BANK_VERIFY_TIMEOUT,Bank Verification API,https://demo.productpulse.local/session/S0005
C1005,S0005,2026-09-03 09:51:00,Bank Account Management,Exit,Leave flow,ABANDONED,,,https://demo.productpulse.local/session/S0005
C1006,S0006,2026-09-03 09:55:00,Bank Account Management,Bank Account,Open bank account management,SUCCESS,,Bank Account API,https://demo.productpulse.local/session/S0006
C1006,S0006,2026-09-03 09:56:00,Bank Account Management,Add Account,Enter account details,SUCCESS,,Bank Account API,https://demo.productpulse.local/session/S0006
C1006,S0006,2026-09-03 09:57:00,Bank Account Management,Verification,Submit for verification,FAILED,BANK_VERIFY_TIMEOUT,Bank Verification API,https://demo.productpulse.local/session/S0006
C1006,S0006,2026-09-03 09:58:00,Bank Account Management,Verification,Retry verification,FAILED,BANK_VERIFY_TIMEOUT,Bank Verification API,https://demo.productpulse.local/session/S0006
C1006,S0006,2026-09-03 09:59:00,Bank Account Management,Exit,Leave flow,ABANDONED,,,https://demo.productpulse.local/session/S0006
C1010,S0007,2026-09-07 11:00:00,Bank Account Management,Bank Account,Open bank account management,SUCCESS,,Bank Account API,https://demo.productpulse.local/session/S0007
C1010,S0007,2026-09-07 11:01:00,Bank Account Management,Saved Accounts,View saved accounts,SUCCESS,,Bank Account API,https://demo.productpulse.local/session/S0007
C1010,S0007,2026-09-07 11:02:00,Bank Account Management,Account Details,Select existing account,SUCCESS,,Bank Account API,https://demo.productpulse.local/session/S0007
C1010,S0007,2026-09-07 11:03:00,Bank Account Management,Account Details,Update nickname,SUCCESS,,Bank Account API,https://demo.productpulse.local/session/S0007
C1010,S0007,2026-09-07 11:04:00,Bank Account Management,Confirmation,View updated account,SUCCESS,,Bank Account API,https://demo.productpulse.local/session/S0007
C1011,S0008,2026-09-07 11:12:00,Bank Account Management,Bank Account,Open bank account management,SUCCESS,,Bank Account API,https://demo.productpulse.local/session/S0008
C1011,S0008,2026-09-07 11:13:00,Bank Account Management,Saved Accounts,View saved accounts,SUCCESS,,Bank Account API,https://demo.productpulse.local/session/S0008
C1011,S0008,2026-09-07 11:14:00,Bank Account Management,Account Details,Select existing account,SUCCESS,,Bank Account API,https://demo.productpulse.local/session/S0008
C1011,S0008,2026-09-07 11:15:00,Bank Account Management,Account Details,Update nickname,SUCCESS,,Bank Account API,https://demo.productpulse.local/session/S0008
C1011,S0008,2026-09-07 11:16:00,Bank Account Management,Confirmation,View updated account,SUCCESS,,Bank Account API,https://demo.productpulse.local/session/S0008
C1012,S0009,2026-09-07 11:24:00,Bank Account Management,Bank Account,Open bank account management,SUCCESS,,Bank Account API,https://demo.productpulse.local/session/S0009
C1012,S0009,2026-09-07 11:25:00,Bank Account Management,Saved Accounts,View saved accounts,SUCCESS,,Bank Account API,https://demo.productpulse.local/session/S0009
C1012,S0009,2026-09-07 11:26:00,Bank Account Management,Account Details,Select existing account,SUCCESS,,Bank Account API,https://demo.productpulse.local/session/S0009
C1012,S0009,2026-09-07 11:27:00,Bank Account Management,Account Details,Update nickname,SUCCESS,,Bank Account API,https://demo.productpulse.local/session/S0009
C1012,S0009,2026-09-07 11:28:00,Bank Account Management,Confirmation,View updated account,SUCCESS,,Bank Account API,https://demo.productpulse.local/session/S0009
C1101,S0010,2026-09-04 10:00:00,Payment Flex,Payment Assistance,Open assistance experience,SUCCESS,,Customer Profile API,https://demo.productpulse.local/session/S0010
C1101,S0010,2026-09-04 10:01:00,Payment Flex,Eligibility,Request offer eligibility,SUCCESS,NOT_ELIGIBLE,Offer Eligibility API,https://demo.productpulse.local/session/S0010
C1101,S0010,2026-09-04 10:02:00,Payment Flex,Offer,Offer not displayed,EXPECTED,NOT_ELIGIBLE,Offer Eligibility API,https://demo.productpulse.local/session/S0010
C1101,S0010,2026-09-04 10:03:00,Payment Flex,Help,Open eligibility help,SUCCESS,,,https://demo.productpulse.local/session/S0010
C1101,S0010,2026-09-04 10:04:00,Payment Flex,Exit,Leave experience,SUCCESS,,,https://demo.productpulse.local/session/S0010
C1102,S0011,2026-09-04 10:15:00,Payment Flex,Payment Assistance,Open assistance experience,SUCCESS,,Customer Profile API,https://demo.productpulse.local/session/S0011
C1102,S0011,2026-09-04 10:16:00,Payment Flex,Eligibility,Request offer eligibility,SUCCESS,NOT_ELIGIBLE,Offer Eligibility API,https://demo.productpulse.local/session/S0011
C1102,S0011,2026-09-04 10:17:00,Payment Flex,Offer,Offer not displayed,EXPECTED,NOT_ELIGIBLE,Offer Eligibility API,https://demo.productpulse.local/session/S0011
C1102,S0011,2026-09-04 10:18:00,Payment Flex,Help,Open eligibility help,SUCCESS,,,https://demo.productpulse.local/session/S0011
C1102,S0011,2026-09-04 10:19:00,Payment Flex,Exit,Leave experience,SUCCESS,,,https://demo.productpulse.local/session/S0011
C1103,S0012,2026-09-04 10:30:00,Payment Flex,Payment Assistance,Open assistance experience,SUCCESS,,Customer Profile API,https://demo.productpulse.local/session/S0012
C1103,S0012,2026-09-04 10:31:00,Payment Flex,Eligibility,Request offer eligibility,SUCCESS,NOT_ELIGIBLE,Offer Eligibility API,https://demo.productpulse.local/session/S0012
C1103,S0012,2026-09-04 10:32:00,Payment Flex,Offer,Offer not displayed,EXPECTED,NOT_ELIGIBLE,Offer Eligibility API,https://demo.productpulse.local/session/S0012
C1103,S0012,2026-09-04 10:33:00,Payment Flex,Help,Open eligibility help,SUCCESS,,,https://demo.productpulse.local/session/S0012
C1103,S0012,2026-09-04 10:34:00,Payment Flex,Exit,Leave experience,SUCCESS,,,https://demo.productpulse.local/session/S0012
C1104,S0013,2026-09-04 10:45:00,Payment Flex,Payment Assistance,Open assistance experience,SUCCESS,,Customer Profile API,https://demo.productpulse.local/session/S0013
C1104,S0013,2026-09-04 10:46:00,Payment Flex,Eligibility,Request offer eligibility,SUCCESS,NOT_ELIGIBLE,Offer Eligibility API,https://demo.productpulse.local/session/S0013
C1104,S0013,2026-09-04 10:47:00,Payment Flex,Offer,Offer not displayed,EXPECTED,NOT_ELIGIBLE,Offer Eligibility API,https://demo.productpulse.local/session/S0013
C1104,S0013,2026-09-04 10:48:00,Payment Flex,Help,Open eligibility help,SUCCESS,,,https://demo.productpulse.local/session/S0013
C1104,S0013,2026-09-04 10:49:00,Payment Flex,Exit,Leave experience,SUCCESS,,,https://demo.productpulse.local/session/S0013
C1107,S0014,2026-09-05 11:00:00,Payment Flex,Payment Flex,View available offer,SUCCESS,,Offer Eligibility API,https://demo.productpulse.local/session/S0014
C1107,S0014,2026-09-05 11:01:00,Payment Flex,Payment Date,Open date selector,SUCCESS,,Payment Scheduling API,https://demo.productpulse.local/session/S0014
C1107,S0014,2026-09-05 11:02:00,Payment Flex,Payment Date,Select unavailable date,EXPECTED,DATE_NOT_AVAILABLE,Payment Scheduling API,https://demo.productpulse.local/session/S0014
C1107,S0014,2026-09-05 11:03:00,Payment Flex,Payment Date,Select second date,SUCCESS,,Payment Scheduling API,https://demo.productpulse.local/session/S0014
C1107,S0014,2026-09-05 11:04:00,Payment Flex,Confirmation,Confirm Payment Flex arrangement,SUCCESS,,Payment Scheduling API,https://demo.productpulse.local/session/S0014
C1108,S0015,2026-09-05 11:11:00,Payment Flex,Payment Flex,View available offer,SUCCESS,,Offer Eligibility API,https://demo.productpulse.local/session/S0015
C1108,S0015,2026-09-05 11:12:00,Payment Flex,Payment Date,Open date selector,SUCCESS,,Payment Scheduling API,https://demo.productpulse.local/session/S0015
C1108,S0015,2026-09-05 11:13:00,Payment Flex,Payment Date,Select unavailable date,EXPECTED,DATE_NOT_AVAILABLE,Payment Scheduling API,https://demo.productpulse.local/session/S0015
C1108,S0015,2026-09-05 11:14:00,Payment Flex,Payment Date,Select second date,SUCCESS,,Payment Scheduling API,https://demo.productpulse.local/session/S0015
C1108,S0015,2026-09-05 11:15:00,Payment Flex,Confirmation,Confirm Payment Flex arrangement,SUCCESS,,Payment Scheduling API,https://demo.productpulse.local/session/S0015
C1109,S0016,2026-09-05 11:22:00,Payment Flex,Payment Flex,View available offer,SUCCESS,,Offer Eligibility API,https://demo.productpulse.local/session/S0016
C1109,S0016,2026-09-05 11:23:00,Payment Flex,Payment Date,Open date selector,SUCCESS,,Payment Scheduling API,https://demo.productpulse.local/session/S0016
C1109,S0016,2026-09-05 11:24:00,Payment Flex,Payment Date,Select unavailable date,EXPECTED,DATE_NOT_AVAILABLE,Payment Scheduling API,https://demo.productpulse.local/session/S0016
C1109,S0016,2026-09-05 11:25:00,Payment Flex,Payment Date,Select second date,SUCCESS,,Payment Scheduling API,https://demo.productpulse.local/session/S0016
C1109,S0016,2026-09-05 11:26:00,Payment Flex,Confirmation,Confirm Payment Flex arrangement,SUCCESS,,Payment Scheduling API,https://demo.productpulse.local/session/S0016
C1110,S0017,2026-09-05 11:33:00,Payment Flex,Payment Flex,View available offer,SUCCESS,,Offer Eligibility API,https://demo.productpulse.local/session/S0017
C1110,S0017,2026-09-05 11:34:00,Payment Flex,Payment Date,Open date selector,SUCCESS,,Payment Scheduling API,https://demo.productpulse.local/session/S0017
C1110,S0017,2026-09-05 11:35:00,Payment Flex,Payment Date,Select unavailable date,EXPECTED,DATE_NOT_AVAILABLE,Payment Scheduling API,https://demo.productpulse.local/session/S0017
C1110,S0017,2026-09-05 11:36:00,Payment Flex,Payment Date,Select second date,SUCCESS,,Payment Scheduling API,https://demo.productpulse.local/session/S0017
C1110,S0017,2026-09-05 11:37:00,Payment Flex,Confirmation,Confirm Payment Flex arrangement,SUCCESS,,Payment Scheduling API,https://demo.productpulse.local/session/S0017
C1111,S0018,2026-09-05 11:44:00,Payment Flex,Payment Flex,View available offer,SUCCESS,,Offer Eligibility API,https://demo.productpulse.local/session/S0018
C1111,S0018,2026-09-05 11:45:00,Payment Flex,Payment Date,Open date selector,SUCCESS,,Payment Scheduling API,https://demo.productpulse.local/session/S0018
C1111,S0018,2026-09-05 11:46:00,Payment Flex,Payment Date,Select unavailable date,EXPECTED,DATE_NOT_AVAILABLE,Payment Scheduling API,https://demo.productpulse.local/session/S0018
C1111,S0018,2026-09-05 11:47:00,Payment Flex,Payment Date,Select second date,SUCCESS,,Payment Scheduling API,https://demo.productpulse.local/session/S0018
C1111,S0018,2026-09-05 11:48:00,Payment Flex,Confirmation,Confirm Payment Flex arrangement,SUCCESS,,Payment Scheduling API,https://demo.productpulse.local/session/S0018
C1201,S0019,2026-09-06 12:45:00,Balance Assist Plan,Balance Assist,View plan options,SUCCESS,,Offer Eligibility API,https://demo.productpulse.local/session/S0019
C1201,S0019,2026-09-06 12:46:00,Balance Assist Plan,Plan Setup,Select plan,SUCCESS,,Offer Eligibility API,https://demo.productpulse.local/session/S0019
C1201,S0019,2026-09-06 12:47:00,Balance Assist Plan,Schedule,Submit payment schedule,FAILED,SCHEDULING_503,Payment Scheduling API,https://demo.productpulse.local/session/S0019
C1201,S0019,2026-09-06 12:48:00,Balance Assist Plan,Schedule,Retry payment schedule,FAILED,SCHEDULING_503,Payment Scheduling API,https://demo.productpulse.local/session/S0019
C1201,S0019,2026-09-06 12:49:00,Balance Assist Plan,Exit,Leave setup,ABANDONED,,,https://demo.productpulse.local/session/S0019
C1202,S0020,2026-09-06 12:52:00,Balance Assist Plan,Balance Assist,View plan options,SUCCESS,,Offer Eligibility API,https://demo.productpulse.local/session/S0020
C1202,S0020,2026-09-06 12:53:00,Balance Assist Plan,Plan Setup,Select plan,SUCCESS,,Offer Eligibility API,https://demo.productpulse.local/session/S0020
C1202,S0020,2026-09-06 12:54:00,Balance Assist Plan,Schedule,Submit payment schedule,FAILED,SCHEDULING_503,Payment Scheduling API,https://demo.productpulse.local/session/S0020
C1202,S0020,2026-09-06 12:55:00,Balance Assist Plan,Schedule,Retry payment schedule,FAILED,SCHEDULING_503,Payment Scheduling API,https://demo.productpulse.local/session/S0020
C1202,S0020,2026-09-06 12:56:00,Balance Assist Plan,Exit,Leave setup,ABANDONED,,,https://demo.productpulse.local/session/S0020
C1203,S0021,2026-09-06 12:59:00,Balance Assist Plan,Balance Assist,View plan options,SUCCESS,,Offer Eligibility API,https://demo.productpulse.local/session/S0021
C1203,S0021,2026-09-06 13:00:00,Balance Assist Plan,Plan Setup,Select plan,SUCCESS,,Offer Eligibility API,https://demo.productpulse.local/session/S0021
C1203,S0021,2026-09-06 13:01:00,Balance Assist Plan,Schedule,Submit payment schedule,FAILED,SCHEDULING_503,Payment Scheduling API,https://demo.productpulse.local/session/S0021
C1203,S0021,2026-09-06 13:02:00,Balance Assist Plan,Schedule,Retry payment schedule,FAILED,SCHEDULING_503,Payment Scheduling API,https://demo.productpulse.local/session/S0021
C1203,S0021,2026-09-06 13:03:00,Balance Assist Plan,Exit,Leave setup,ABANDONED,,,https://demo.productpulse.local/session/S0021
C1204,S0022,2026-09-06 13:06:00,Balance Assist Plan,Balance Assist,View plan options,SUCCESS,,Offer Eligibility API,https://demo.productpulse.local/session/S0022
C1204,S0022,2026-09-06 13:07:00,Balance Assist Plan,Plan Setup,Select plan,SUCCESS,,Offer Eligibility API,https://demo.productpulse.local/session/S0022
C1204,S0022,2026-09-06 13:08:00,Balance Assist Plan,Schedule,Submit payment schedule,FAILED,SCHEDULING_503,Payment Scheduling API,https://demo.productpulse.local/session/S0022
C1204,S0022,2026-09-06 13:09:00,Balance Assist Plan,Schedule,Retry payment schedule,FAILED,SCHEDULING_503,Payment Scheduling API,https://demo.productpulse.local/session/S0022
C1204,S0022,2026-09-06 13:10:00,Balance Assist Plan,Exit,Leave setup,ABANDONED,,,https://demo.productpulse.local/session/S0022
C1206,S0023,2026-09-06 13:20:00,Balance Assist Plan,Balance Assist,View plan options,SUCCESS,,Offer Eligibility API,https://demo.productpulse.local/session/S0023
C1206,S0023,2026-09-06 13:21:00,Balance Assist Plan,Plan Setup,Select plan,SUCCESS,,Offer Eligibility API,https://demo.productpulse.local/session/S0023
C1206,S0023,2026-09-06 13:22:00,Balance Assist Plan,Schedule,Submit payment schedule,FAILED,SCHEDULING_503,Payment Scheduling API,https://demo.productpulse.local/session/S0023
C1206,S0023,2026-09-06 13:23:00,Balance Assist Plan,Schedule,Retry payment schedule,SUCCESS,,Payment Scheduling API,https://demo.productpulse.local/session/S0023
C1206,S0023,2026-09-06 13:24:00,Balance Assist Plan,Confirmation,View plan confirmation,SUCCESS,,Payment Scheduling API,https://demo.productpulse.local/session/S0023
C1207,S0024,2026-09-06 13:30:00,Balance Assist Plan,Balance Assist,View plan options,SUCCESS,,Offer Eligibility API,https://demo.productpulse.local/session/S0024
C1207,S0024,2026-09-06 13:31:00,Balance Assist Plan,Plan Setup,Select plan,SUCCESS,,Offer Eligibility API,https://demo.productpulse.local/session/S0024
C1207,S0024,2026-09-06 13:32:00,Balance Assist Plan,Schedule,Submit payment schedule,FAILED,SCHEDULING_503,Payment Scheduling API,https://demo.productpulse.local/session/S0024
C1207,S0024,2026-09-06 13:33:00,Balance Assist Plan,Schedule,Retry payment schedule,SUCCESS,,Payment Scheduling API,https://demo.productpulse.local/session/S0024
C1207,S0024,2026-09-06 13:34:00,Balance Assist Plan,Confirmation,View plan confirmation,SUCCESS,,Payment Scheduling API,https://demo.productpulse.local/session/S0024
